<?xml version="1.0" encoding="UTF-8" standalone="no"?>
<registration_data version="1.0">
   <environment>
      <hostname>wangpeng-PC</hostname>
      <hostId/>
      <osName>Windows 7</osName>
      <osVersion>6.1</osVersion>
      <osArchitecture>x86</osArchitecture>
      <systemModel>HP Compaq Pro 6380 MT</systemModel>
      <systemManufacturer>Hewlett-Packard</systemManufacturer>
      <cpuManufacturer>GenuineIntel</cpuManufacturer>
      <serialNumber>6CR34928H7</serialNumber>
   </environment>
   <registry urn="urn:st:7cb367ed-6331-4e84-98a0-013e39e1587a" version="1.0">
      <service_tag>
         <instance_urn>urn:st:971f6134-ce9d-4eb2-8ff5-9781cc1f9aac</instance_urn>
         <product_name>Java SE 7 Runtime Environment</product_name>
         <product_version>1.7.0_15</product_version>
         <product_urn>JSERE-007-ZZZZ</product_urn>
         <product_parent_urn>urn:uuid:dc1704fe-264f-11dc-9482-080020a9ed93</product_parent_urn>
         <product_parent>Java Platform Standard Edition 7 (Java SE 7)</product_parent>
         <product_defined_inst_id>id=1.7.0_15-b03 x86,dir=C:\Program Files (x86)\Java\jre7</product_defined_inst_id>
         <product_vendor>Oracle Corporation</product_vendor>
         <platform_arch>x86</platform_arch>
         <timestamp>2014-06-03 10:25:27 GMT</timestamp>
         <container>global</container>
         <source>Windows JRE installer</source>
         <installer_uid>-1</installer_uid>
      </service_tag>
   </registry>
</registration_data>
